"text","favorited","favoriteCount","replyToSN","created","truncated","replyToSID","id","replyToUID","statusSource","screenName","retweetCount","isRetweet","retweeted","longitude","latitude"
"It was a great privilege to meet with President Moon of South Korea.
Stay tuned! Ì†ºÌ∑∫Ì†ºÌ∑∏Ì†ºÌ∑∞Ì†ºÌ∑∑#UNGA https://t.co/7xYDO5ddUm",FALSE,12926,NA,2017-09-21 16:06:32,FALSE,NA,"910898047931912192",NA,"<a href=""https://studio.twitter.com"" rel=""nofollow"">Media Studio</a>","realDonaldTrump",2793,FALSE,FALSE,NA,NA
"It was wonderful to have President Petro Poroshenko of Ukraine with us in New York City today. #UNGA
Ì†ºÌæ•‚Ä¶ https://t.co/Fi8dfuJ1nq",FALSE,11004,NA,2017-09-21 15:17:42,TRUE,NA,"910885755320459264",NA,"<a href=""http://twitter.com/download/iphone"" rel=""nofollow"">Twitter for iPhone</a>","realDonaldTrump",2394,FALSE,FALSE,NA,NA
"It was a pleasure to have President Ashraf Ghani of Afghanistan with us this morning! #USAatUNGA #UNGA https://t.co/HOEVfnMn14",FALSE,12897,NA,2017-09-21 15:15:19,FALSE,NA,"910885156373721092",NA,"<a href=""https://studio.twitter.com"" rel=""nofollow"">Media Studio</a>","realDonaldTrump",2736,FALSE,FALSE,NA,NA
"Governor @RicardoRossello- 
We are with you and the people of Puerto Rico. Stay safe! #PRStrong",FALSE,39582,NA,2017-09-21 03:13:07,FALSE,NA,"910703407555600386",NA,"<a href=""http://twitter.com/download/iphone"" rel=""nofollow"">Twitter for iPhone</a>","realDonaldTrump",8431,FALSE,FALSE,NA,NA
"Senator (Doctor) Bill Cassidy is a class act who really cares about people and their Health(care), he doesn't lie-just wants to help people!",FALSE,41696,NA,2017-09-21 01:06:25,FALSE,NA,"910671525543645185",NA,"<a href=""http://twitter.com/download/iphone"" rel=""nofollow"">Twitter for iPhone</a>","realDonaldTrump",8836,FALSE,FALSE,NA,NA
"The NRA strongly endorses Luther Strange for Senator of Alabama.That means all gun owners should vote for Big Luther. He won't let you down!",FALSE,41395,NA,2017-09-21 00:42:17,FALSE,NA,"910665452048838661",NA,"<a href=""http://twitter.com/download/iphone"" rel=""nofollow"">Twitter for iPhone</a>","realDonaldTrump",8314,FALSE,FALSE,NA,NA
"I would not sign Graham-Cassidy if it did not include coverage of pre-existing conditions. It does! A great Bill. Repeal &amp; Replace.",FALSE,59864,NA,2017-09-20 23:07:55,FALSE,NA,"910641701064204288",NA,"<a href=""http://twitter.com/download/iphone"" rel=""nofollow"">Twitter for iPhone</a>","realDonaldTrump",14893,FALSE,FALSE,NA,NA
"Alabama is sooo lucky to have a candidate like ""Big"" Luther Strange. Smart, tough on crime, borders &amp; trade, loves Vets &amp; Military. Tuesday!",FALSE,35269,NA,2017-09-20 22:42:35,FALSE,NA,"910635327672512512",NA,"<a href=""http://twitter.com/download/iphone"" rel=""nofollow"">Twitter for iPhone</a>","realDonaldTrump",6383,FALSE,FALSE,NA,NA
"On behalf of all Americans, I want to wish Jewish families many blessings in the New Year. https://t.co/m4VWxYvONx https://t.co/iYG1G8GaLN",FALSE,40814,NA,2017-09-20 22:29:44,FALSE,NA,"910632095088889857",NA,"<a href=""http://twitter.com/download/iphone"" rel=""nofollow"">Twitter for iPhone</a>","realDonaldTrump",9818,FALSE,FALSE,NA,NA
"Honored to host a luncheon for African leaders this afternoon. Great discussions on the challenges &amp; opportunities‚Ä¶ https://t.co/icPtepmBlP",FALSE,35695,NA,2017-09-20 19:05:18,TRUE,NA,"910580644597649409",NA,"<a href=""http://twitter.com/download/iphone"" rel=""nofollow"">Twitter for iPhone</a>","realDonaldTrump",8160,FALSE,FALSE,NA,NA
"Honored to meet w/ Pres Abbas from the Palestinian Authority &amp; his delegation, who have been working hard w/everybo‚Ä¶ https://t.co/9ppbn43yIu",FALSE,29370,NA,2017-09-20 17:08:53,TRUE,NA,"910551350408241152",NA,"<a href=""https://studio.twitter.com"" rel=""nofollow"">Media Studio</a>","realDonaldTrump",6160,FALSE,FALSE,NA,NA
"It was a great honor to be with King Abdullah II of Jordan and his delegation this morning. We had a GREAT bilatera‚Ä¶ https://t.co/DbdeqhKjbw",FALSE,37830,NA,2017-09-20 15:23:46,TRUE,NA,"910524897515905025",NA,"<a href=""https://studio.twitter.com"" rel=""nofollow"">Media Studio</a>","realDonaldTrump",7862,FALSE,FALSE,NA,NA
"Looking forward to Friday night in the Great State of Alabama. I am supporting ""Big"" Luther Strange because he was so loyal &amp; helpful to me!",FALSE,43164,NA,2017-09-20 12:29:01,FALSE,NA,"910480918816739328",NA,"<a href=""http://twitter.com/download/iphone"" rel=""nofollow"">Twitter for iPhone</a>","realDonaldTrump",7549,FALSE,FALSE,NA,NA
"I hope Republican Senators will vote for Graham-Cassidy and fulfill their promise to Repeal &amp; Replace ObamaCare. Money direct to States!",FALSE,53802,NA,2017-09-20 12:16:22,FALSE,NA,"910477734635286528",NA,"<a href=""http://twitter.com/download/iphone"" rel=""nofollow"">Twitter for iPhone</a>","realDonaldTrump",12095,FALSE,FALSE,NA,NA
"Rand Paul is a friend of mine but he is such a negative force when it comes to fixing healthcare. Graham-Cassidy Bill is GREAT! Ends Ocare!",FALSE,44048,NA,2017-09-20 12:09:54,FALSE,NA,"910476107287269376",NA,"<a href=""http://twitter.com/download/iphone"" rel=""nofollow"">Twitter for iPhone</a>","realDonaldTrump",9464,FALSE,FALSE,NA,NA
"Thank you  @foxandfriends - great show!",FALSE,35598,NA,2017-09-20 11:00:34,FALSE,NA,"910458657179086848",NA,"<a href=""http://twitter.com/download/iphone"" rel=""nofollow"">Twitter for iPhone</a>","realDonaldTrump",5503,FALSE,FALSE,NA,NA
"The world is noticing, thanks! https://t.co/2NL6SlWnmH",FALSE,53620,NA,2017-09-20 10:44:06,FALSE,NA,"910454516557983744",NA,"<a href=""http://twitter.com/download/iphone"" rel=""nofollow"">Twitter for iPhone</a>","realDonaldTrump",11435,FALSE,FALSE,NA,NA
"After allowing North Korea to research and build Nukes while Secretary of State (Bill C also), Crooked Hillary now criticizes.",FALSE,77432,NA,2017-09-20 10:40:31,FALSE,NA,"910453612630900736",NA,"<a href=""http://twitter.com/download/iphone"" rel=""nofollow"">Twitter for iPhone</a>","realDonaldTrump",20800,FALSE,FALSE,NA,NA
"Big meetings today at the United Nations. So many interesting leaders. America First will MAKE AMERICA GREAT AGAIN!",FALSE,52431,NA,2017-09-20 10:14:30,FALSE,NA,"910447064944955392",NA,"<a href=""http://twitter.com/download/iphone"" rel=""nofollow"">Twitter for iPhone</a>","realDonaldTrump",10155,FALSE,FALSE,NA,NA
"I was saddened to see how bad the ratings were on the Emmys last night - the worst ever. Smartest people of them all are the ""DEPLORABLES.""",FALSE,111160,NA,2017-09-20 02:41:13,FALSE,NA,"910332992756834304",NA,"<a href=""http://twitter.com/download/iphone"" rel=""nofollow"">Twitter for iPhone</a>","realDonaldTrump",25407,FALSE,FALSE,NA,NA
"So nice, thank you! https://t.co/Cg4dzHhbrv",FALSE,48710,NA,2017-09-20 02:33:32,FALSE,NA,"910331061409902592",NA,"<a href=""http://twitter.com/download/iphone"" rel=""nofollow"">Twitter for iPhone</a>","realDonaldTrump",8618,FALSE,FALSE,NA,NA
"A great and important day at the United Nations.Met with leaders of many nations who agree with much (or all) of what I stated in my speech!",FALSE,66824,NA,2017-09-20 02:31:19,FALSE,NA,"910330501411590146",NA,"<a href=""http://twitter.com/download/iphone"" rel=""nofollow"">Twitter for iPhone</a>","realDonaldTrump",13249,FALSE,FALSE,NA,NA
"Puerto Rico being hit hard by new monster Hurricane. Be careful, our hearts are with you- will be there to help!",FALSE,82718,NA,2017-09-20 02:23:52,FALSE,NA,"910328626075389952",NA,"<a href=""http://twitter.com/download/iphone"" rel=""nofollow"">Twitter for iPhone</a>","realDonaldTrump",18288,FALSE,FALSE,NA,NA
"The true question for the @UN...
Ì†ºÌæ•https://t.co/tx5SnACAaS",FALSE,28461,NA,2017-09-20 01:19:00,FALSE,NA,"910312303635116033",NA,"<a href=""http://twitter.com/download/iphone"" rel=""nofollow"">Twitter for iPhone</a>","realDonaldTrump",6522,FALSE,FALSE,NA,NA
"It was a great honor to have spoken before the countries of the world at the United Nations.
#USAatUNGAÌ†ºÌ∑∫Ì†ºÌ∑∏#UNGA‚Ä¶ https://t.co/nPWffjKMSz",FALSE,53615,NA,2017-09-19 22:04:11,TRUE,NA,"910263274918367236",NA,"<a href=""http://twitter.com/download/iphone"" rel=""nofollow"">Twitter for iPhone</a>","realDonaldTrump",10889,FALSE,FALSE,NA,NA
"God bless the people of Mexico City. We are with you and will be there for you.",FALSE,185678,NA,2017-09-19 20:05:32,FALSE,NA,"910233418474098688",NA,"<a href=""http://twitter.com/download/iphone"" rel=""nofollow"">Twitter for iPhone</a>","realDonaldTrump",52835,FALSE,FALSE,NA,NA
"As President of the United States of America, I will ALWAYS put #AmericaFirstÌ†ºÌ∑∫Ì†ºÌ∑∏#UNGA
Full remarks:‚Ä¶ https://t.co/TTE2PMSbMu",FALSE,64668,NA,2017-09-19 19:09:35,TRUE,NA,"910219338044657664",NA,"<a href=""http://twitter.com/download/iphone"" rel=""nofollow"">Twitter for iPhone</a>","realDonaldTrump",16575,FALSE,FALSE,NA,NA
"TheÌ†ºÌ∑∫Ì†ºÌ∑∏has great strength &amp; patience, but if it is forced to defend itself or its allies, we will have no choice but‚Ä¶ https://t.co/IgW8Sg6yUB",FALSE,79946,NA,2017-09-19 17:22:27,TRUE,NA,"910192375267561472",NA,"<a href=""http://twitter.com/download/iphone"" rel=""nofollow"">Twitter for iPhone</a>","realDonaldTrump",23250,FALSE,FALSE,NA,NA
"Big day at the United Nations - many good things, and some tricky ones, happening. We have a great team. Big speech at 10:00 A.M.",FALSE,78361,NA,2017-09-19 11:21:30,FALSE,NA,"910101538336583680",NA,"<a href=""http://twitter.com/download/iphone"" rel=""nofollow"">Twitter for iPhone</a>","realDonaldTrump",13878,FALSE,FALSE,NA,NA
"#USAatUNGAÌ†ºÌ∑∫Ì†ºÌ∑∏ #UNGA https://t.co/MjIJ7HG3eU",FALSE,36009,NA,2017-09-19 04:47:03,FALSE,NA,"910002272825831425",NA,"<a href=""https://studio.twitter.com"" rel=""nofollow"">Media Studio</a>","realDonaldTrump",8015,FALSE,FALSE,NA,NA
"We call for the full restoration of democracy and political freedoms in Venezuela, and we want it to happen very, v‚Ä¶ https://t.co/pbr9DByGcX",FALSE,58480,NA,2017-09-19 04:18:41,TRUE,NA,"909995135009804288",NA,"<a href=""http://twitter.com/download/iphone"" rel=""nofollow"">Twitter for iPhone</a>","realDonaldTrump",18738,FALSE,FALSE,NA,NA
"It was a great honor to be with President @EmmanuelMacron of France this afternoon with his delegation. Great bilat‚Ä¶ https://t.co/93MkAoQVdT",FALSE,37610,NA,2017-09-19 03:01:25,TRUE,NA,"909975689838731264",NA,"<a href=""https://studio.twitter.com"" rel=""nofollow"">Media Studio</a>","realDonaldTrump",7532,FALSE,FALSE,NA,NA
"Such an honor to have my good friend, Israel PM @Netanyahu, join us w/ his delegation in NYC this afternoon. #UNGA‚Ä¶ https://t.co/lJto9QND4Q",FALSE,50087,NA,2017-09-18 23:31:07,TRUE,NA,"909922763774861314",NA,"<a href=""http://twitter.com/download/iphone"" rel=""nofollow"">Twitter for iPhone</a>","realDonaldTrump",11695,FALSE,FALSE,NA,NA
"Looking forward to meeting with Prime Minister @Netanyahu shortly. Peace in the Middle East would be a truly great legacy for ALL people!",FALSE,72690,NA,2017-09-18 16:57:27,FALSE,NA,"909823695299981313",NA,"<a href=""http://twitter.com/download/iphone"" rel=""nofollow"">Twitter for iPhone</a>","realDonaldTrump",13441,FALSE,FALSE,NA,NA
"We commend SG @AntonioGuterres &amp; his call for the UN to focus more on people &amp; less on bureaucracy. #USAatUNGA‚Ä¶ https://t.co/ekyQZXdwJq",FALSE,36524,NA,2017-09-18 16:36:09,TRUE,NA,"909818335130525697",NA,"<a href=""https://studio.twitter.com"" rel=""nofollow"">Media Studio</a>","realDonaldTrump",8739,FALSE,FALSE,NA,NA
"Happy 70th Birthday @CIA! https://t.co/CU3gOZMf7J",FALSE,49760,NA,2017-09-18 13:16:17,FALSE,NA,"909768037787717633",NA,"<a href=""http://twitter.com/download/iphone"" rel=""nofollow"">Twitter for iPhone</a>","realDonaldTrump",9590,FALSE,FALSE,NA,NA
"Happy 70th Birthday @USAirForce! https://t.co/snkXO40vXM",FALSE,61143,NA,2017-09-18 13:14:46,FALSE,NA,"909767654432526336",NA,"<a href=""http://twitter.com/download/iphone"" rel=""nofollow"">Twitter for iPhone</a>","realDonaldTrump",12383,FALSE,FALSE,NA,NA
"Important meetings and calls scheduled for today. Military and economy are getting stronger by the day, and our enemies know it. #MAGA",FALSE,67433,NA,2017-09-17 13:00:05,FALSE,NA,"909401572341370881",NA,"<a href=""http://twitter.com/download/iphone"" rel=""nofollow"">Twitter for iPhone</a>","realDonaldTrump",13798,FALSE,FALSE,NA,NA
"My great honor! https://t.co/x25T9tQAnI",FALSE,68970,NA,2017-09-17 12:28:08,FALSE,NA,"909393531143380992",NA,"<a href=""http://twitter.com/download/iphone"" rel=""nofollow"">Twitter for iPhone</a>","realDonaldTrump",14793,FALSE,FALSE,NA,NA
"Thank you! https://t.co/vs4MNwXtei",FALSE,36592,NA,2017-09-17 11:57:20,FALSE,NA,"909385782275788800",NA,"<a href=""http://twitter.com/download/iphone"" rel=""nofollow"">Twitter for iPhone</a>","realDonaldTrump",6205,FALSE,FALSE,NA,NA
"I spoke with President Moon of South Korea last night. Asked him how Rocket Man is doing. Long gas lines forming in North Korea. Too bad!",FALSE,146421,NA,2017-09-17 11:53:35,FALSE,NA,"909384837018112000",NA,"<a href=""http://twitter.com/download/iphone"" rel=""nofollow"">Twitter for iPhone</a>","realDonaldTrump",43854,FALSE,FALSE,NA,NA
"Attorney General Bill Schuette will be a fantastic Governor for the great State of Michigan. I am bringing back your jobs and Bill will help",FALSE,51141,NA,2017-09-17 11:40:16,FALSE,NA,"909381488445190145",NA,"<a href=""http://twitter.com/download/iphone"" rel=""nofollow"">Twitter for iPhone</a>","realDonaldTrump",9436,FALSE,FALSE,NA,NA
"I will be in Huntsville, Alabama, on Saturday night to support Luther Strange for Senate. ""Big Luther"" is a great guy who gets things done!",FALSE,54777,NA,2017-09-16 23:04:03,FALSE,NA,"909191177810915328",NA,"<a href=""http://twitter.com/download/iphone"" rel=""nofollow"">Twitter for iPhone</a>","realDonaldTrump",9895,FALSE,FALSE,NA,NA
"A great deal of good things happening for our country. Jobs and Stock Market at all time highs, and I believe will be getting even better!",FALSE,82156,NA,2017-09-16 22:40:23,FALSE,NA,"909185223887347712",NA,"<a href=""http://twitter.com/download/iphone"" rel=""nofollow"">Twitter for iPhone</a>","realDonaldTrump",16161,FALSE,FALSE,NA,NA
"HAPPY 70th BIRTHDAY to the @USAirForce! The American people are eternally grateful. Thank you for keeping America P‚Ä¶ https://t.co/AwuBR6TA9C",FALSE,89973,NA,2017-09-15 23:54:00,TRUE,NA,"908841360131743744",NA,"<a href=""https://studio.twitter.com"" rel=""nofollow"">Media Studio</a>","realDonaldTrump",21562,FALSE,FALSE,NA,NA
"We will defend our people, our nations and our civilization from all who dare to threaten our way of life...cont:‚Ä¶ https://t.co/LMkSj1vzOI",FALSE,56772,NA,2017-09-15 22:58:30,TRUE,NA,"908827394856947712",NA,"<a href=""http://twitter.com/download/iphone"" rel=""nofollow"">Twitter for iPhone</a>","realDonaldTrump",14771,FALSE,FALSE,NA,NA
"Our hearts &amp; prayers go out to the people of London, who suffered a vicious terrorist attack.... https://t.co/Q2hTBV2l5t",FALSE,66192,NA,2017-09-15 20:54:52,FALSE,NA,"908796281002307584",NA,"<a href=""http://twitter.com/download/iphone"" rel=""nofollow"">Twitter for iPhone</a>","realDonaldTrump",14866,FALSE,FALSE,NA,NA
"NEVER forget our HEROES held prisoner or who have gone missing in action while serving their country.
Proclamation:‚Ä¶ https://t.co/bBP3yE1gRJ",FALSE,52050,NA,2017-09-15 19:02:43,TRUE,NA,"908768057140629506",NA,"<a href=""http://twitter.com/download/iphone"" rel=""nofollow"">Twitter for iPhone</a>","realDonaldTrump",13095,FALSE,FALSE,NA,NA
"Frank ‚ÄúFX‚Äù Giaccio-
On behalf of @FLOTUS Melania &amp; myself, THANK YOU for doing a GREAT job this morning!‚Ä¶ https://t.co/QAvTAZrI3d",FALSE,116243,NA,2017-09-15 16:49:31,TRUE,NA,"908734537311678464",NA,"<a href=""https://studio.twitter.com"" rel=""nofollow"">Media Studio</a>","realDonaldTrump",32954,FALSE,FALSE,NA,NA
"WEEKLY ADDRESSÌ†ºÌ∑∫Ì†ºÌ∑∏ https://t.co/MsaLA9POAt",FALSE,42095,NA,2017-09-15 16:09:10,FALSE,NA,"908724382440284160",NA,"<a href=""https://studio.twitter.com"" rel=""nofollow"">Media Studio</a>","realDonaldTrump",10807,FALSE,FALSE,NA,NA
"CHAIN MIGRATION cannot be allowed to be part of any legislation on Immigration!",FALSE,76203,NA,2017-09-15 13:00:48,FALSE,NA,"908676979561570304",NA,"<a href=""http://twitter.com/download/iphone"" rel=""nofollow"">Twitter for iPhone</a>","realDonaldTrump",18926,FALSE,FALSE,NA,NA
"ESPN is paying a really big price for its politics (and bad programming). People are dumping it in RECORD numbers. Apologize for untruth!",FALSE,111298,NA,2017-09-15 11:20:08,FALSE,NA,"908651641943003136",NA,"<a href=""http://twitter.com/download/iphone"" rel=""nofollow"">Twitter for iPhone</a>","realDonaldTrump",28016,FALSE,FALSE,NA,NA
"We have made more progress in the last nine months against ISIS than the Obama Administration has made in 8 years.Must be proactive &amp; nasty!",FALSE,100657,NA,2017-09-15 11:00:01,FALSE,NA,"908646582807089152",NA,"<a href=""http://twitter.com/download/iphone"" rel=""nofollow"">Twitter for iPhone</a>","realDonaldTrump",21584,FALSE,FALSE,NA,NA
"The travel ban into the United States should be far larger, tougher and more specific-but stupidly, that would not be politically correct!",FALSE,105834,"realDonaldTrump",2017-09-15 10:54:14,FALSE,"908642277987356673","908645126146265090","25073877","<a href=""http://twitter.com/download/iphone"" rel=""nofollow"">Twitter for iPhone</a>","realDonaldTrump",24493,FALSE,FALSE,NA,NA
"Loser terrorists must be dealt with in a much tougher manner.The internet is their main recruitment tool which we must cut off &amp; use better!",FALSE,96838,NA,2017-09-15 10:48:18,FALSE,NA,"908643633901039617",NA,"<a href=""http://twitter.com/download/iphone"" rel=""nofollow"">Twitter for iPhone</a>","realDonaldTrump",21349,FALSE,FALSE,NA,NA
"Another attack in London by a loser terrorist.These are sick and demented people who were in the sights of Scotland Yard. Must be proactive!",FALSE,109907,NA,2017-09-15 10:42:55,FALSE,NA,"908642277987356673",NA,"<a href=""http://twitter.com/download/iphone"" rel=""nofollow"">Twitter for iPhone</a>","realDonaldTrump",29342,FALSE,FALSE,NA,NA
"With the ridiculous Filibuster Rule in the Senate, Republicans need 60 votes to pass legislation, rather than 51. Can't get votes, END NOW!",FALSE,53230,NA,2017-09-15 10:37:38,FALSE,NA,"908640949605163010",NA,"<a href=""http://twitter.com/download/iphone"" rel=""nofollow"">Twitter for iPhone</a>","realDonaldTrump",12464,FALSE,FALSE,NA,NA
"FLORIDA-
Just like TX, WE are w/you today, we are w/you tomorrow, &amp; we will be w/you EVERY SINGLE DAY AFTER, to RES‚Ä¶ https://t.co/bxPbokP66A",FALSE,57941,NA,2017-09-15 00:55:05,TRUE,NA,"908494344008749056",NA,"<a href=""http://twitter.com/download/iphone"" rel=""nofollow"">Twitter for iPhone</a>","realDonaldTrump",12263,FALSE,FALSE,NA,NA
"WE ARE WITH YOU FLORIDA!

Emergency Information 
1-800-342-3557
https://t.co/zbWkR5VmDp

Volunteer 
1-800-FL-HELP-1‚Ä¶ https://t.co/qZ35AmeR6g",FALSE,53553,NA,2017-09-14 21:11:18,TRUE,NA,"908438028980490240",NA,"<a href=""https://studio.twitter.com"" rel=""nofollow"">Media Studio</a>","realDonaldTrump",13750,FALSE,FALSE,NA,NA
"...I told Republicans to approve healthcare fast or this would happen. But don't worry, I will veto because I love our country &amp; its people.",FALSE,64726,"realDonaldTrump",2017-09-14 19:32:23,FALSE,"908413019050463232","908413134196572161","25073877","<a href=""http://twitter.com/download/iphone"" rel=""nofollow"">Twitter for iPhone</a>","realDonaldTrump",13275,FALSE,FALSE,NA,NA
"Bernie Sanders is pushing hard for a single payer healthcare plan - a curse on the U.S. &amp; its people...",FALSE,73044,NA,2017-09-14 19:31:55,FALSE,NA,"908413019050463232",NA,"<a href=""http://twitter.com/download/iphone"" rel=""nofollow"">Twitter for iPhone</a>","realDonaldTrump",17399,FALSE,FALSE,NA,NA
"Spoke to President of Mexico to give condolences on terrible earthquake. Unable to reach for 3 days b/c of his cell phone reception at site.",FALSE,58881,NA,2017-09-14 19:18:14,FALSE,NA,"908409572943126528",NA,"<a href=""http://twitter.com/download/iphone"" rel=""nofollow"">Twitter for iPhone</a>","realDonaldTrump",11317,FALSE,FALSE,NA,NA
"Just left Florida for D.C. The people and spirit in THAT GREAT STATE is unbelievable. Damage horrific but will be better than ever!",FALSE,60192,NA,2017-09-14 19:04:22,FALSE,NA,"908406085308096512",NA,"<a href=""http://twitter.com/download/iphone"" rel=""nofollow"">Twitter for iPhone</a>","realDonaldTrump",10117,FALSE,FALSE,NA,NA
"Am leaving now for Florida to see our GREAT first responders and to thank the U.S. Coast Guard, FEMA etc. A real disaster, much work to do!",FALSE,67066,NA,2017-09-14 11:05:55,FALSE,NA,"908285679335034880",NA,"<a href=""http://twitter.com/download/iphone"" rel=""nofollow"">Twitter for iPhone</a>","realDonaldTrump",10770,FALSE,FALSE,NA,NA
"...They have been in our country for many years through no fault of their own - brought in by parents at young age. Plus BIG border security",FALSE,52952,NA,2017-09-14 10:35:41,FALSE,NA,"908278070611779585",NA,"<a href=""http://twitter.com/download/iphone"" rel=""nofollow"">Twitter for iPhone</a>","realDonaldTrump",10909,FALSE,FALSE,NA,NA
"Does anybody really want to throw out good, educated and accomplished young people who have jobs, some serving in the military? Really!.....",FALSE,82360,NA,2017-09-14 10:28:41,FALSE,NA,"908276308265795585",NA,"<a href=""http://twitter.com/download/iphone"" rel=""nofollow"">Twitter for iPhone</a>","realDonaldTrump",18471,FALSE,FALSE,NA,NA
"The WALL, which is already under construction in the form of new renovation of old and existing fences and walls, will continue to be built.",FALSE,104816,NA,2017-09-14 10:20:58,FALSE,NA,"908274366739345409",NA,"<a href=""http://twitter.com/download/iphone"" rel=""nofollow"">Twitter for iPhone</a>","realDonaldTrump",24074,FALSE,FALSE,NA,NA
"No deal was made last night on DACA. Massive border security would have to be agreed to in exchange for consent. Would be subject to vote.",FALSE,64475,NA,2017-09-14 10:11:36,FALSE,NA,"908272007011282944",NA,"<a href=""http://twitter.com/download/iphone"" rel=""nofollow"">Twitter for iPhone</a>","realDonaldTrump",17438,FALSE,FALSE,NA,NA
"The ""deplorables"" came back to haunt Hillary.They expressed their feelings loud and clear. She spent big money but, in the end, had no game!",FALSE,93916,NA,2017-09-14 02:52:34,FALSE,NA,"908161523180285953",NA,"<a href=""http://twitter.com/download/iphone"" rel=""nofollow"">Twitter for iPhone</a>","realDonaldTrump",20972,FALSE,FALSE,NA,NA
"Crooked Hillary Clinton blames everybody (and every thing) but herself for her election loss. She lost the debates and lost her direction!",FALSE,113901,NA,2017-09-14 02:47:23,FALSE,NA,"908160218995068928",NA,"<a href=""http://twitter.com/download/iphone"" rel=""nofollow"">Twitter for iPhone</a>","realDonaldTrump",26244,FALSE,FALSE,NA,NA
"China has a business tax rate of 15%. We should do everything possible to match them in order to win with our economy. Jobs and wages!",FALSE,76398,NA,2017-09-14 02:22:57,FALSE,NA,"908154067658174469",NA,"<a href=""http://twitter.com/download/iphone"" rel=""nofollow"">Twitter for iPhone</a>","realDonaldTrump",17845,FALSE,FALSE,NA,NA
"With Irma and Harvey devastation, Tax Cuts and Tax Reform is needed more than ever before. Go Congress, go!",FALSE,93674,NA,2017-09-13 12:36:52,FALSE,NA,"907946177022369792",NA,"<a href=""http://twitter.com/download/iphone"" rel=""nofollow"">Twitter for iPhone</a>","realDonaldTrump",20182,FALSE,FALSE,NA,NA
"I will be traveling to Florida tomorrow to meet with our great Coast Guard, FEMA and many of the brave first responders &amp; others.",FALSE,87264,NA,2017-09-13 11:34:16,FALSE,NA,"907930425657626624",NA,"<a href=""http://twitter.com/download/iphone"" rel=""nofollow"">Twitter for iPhone</a>","realDonaldTrump",14815,FALSE,FALSE,NA,NA
"The approval process for the biggest Tax Cut &amp; Tax Reform package in the history of our country will soon begin. Move fast Congress!",FALSE,80641,NA,2017-09-13 11:28:10,FALSE,NA,"907928888587808768",NA,"<a href=""http://twitter.com/download/iphone"" rel=""nofollow"">Twitter for iPhone</a>","realDonaldTrump",17886,FALSE,FALSE,NA,NA
"It was a great honor to welcome Prime Minister Najib Abdul Razak of Malaysia and his distinguished delegation to th‚Ä¶ https://t.co/xihOApAZPf",FALSE,52296,NA,2017-09-12 20:12:48,TRUE,NA,"907698529606541312",NA,"<a href=""http://twitter.com/download/iphone"" rel=""nofollow"">Twitter for iPhone</a>","realDonaldTrump",13957,FALSE,FALSE,NA,NA
"Congratulations to Eric &amp; Lara on the birth of their son, Eric ""Luke"" Trump this morning! https://t.co/Aw0AV82XdE",FALSE,111453,NA,2017-09-12 18:41:50,FALSE,NA,"907675638055743489",NA,"<a href=""http://twitter.com/download/iphone"" rel=""nofollow"">Twitter for iPhone</a>","realDonaldTrump",16956,FALSE,FALSE,NA,NA
"The devastation left by Hurricane Irma was far greater, at least in certain locations,than anyone thought - but amazing people working hard!",FALSE,85241,NA,2017-09-12 13:11:19,FALSE,NA,"907592460070768641",NA,"<a href=""http://twitter.com/download/iphone"" rel=""nofollow"">Twitter for iPhone</a>","realDonaldTrump",14736,FALSE,FALSE,NA,NA
"Fascinating to watch people writing books and major articles about me and yet they know nothing about me &amp; have zero access. #FAKE NEWS!",FALSE,107437,NA,2017-09-12 12:56:47,FALSE,NA,"907588803161939968",NA,"<a href=""http://twitter.com/download/iphone"" rel=""nofollow"">Twitter for iPhone</a>","realDonaldTrump",24169,FALSE,FALSE,NA,NA
"May God Forever Bless the United States of America. #NeverForget911 https://t.co/erycJgj23r",FALSE,133932,NA,2017-09-11 18:35:59,FALSE,NA,"907311779331690496",NA,"<a href=""http://twitter.com/download/iphone"" rel=""nofollow"">Twitter for iPhone</a>","realDonaldTrump",36629,FALSE,FALSE,NA,NA
"#NeverForget https://t.co/rmQ1a5bDon",FALSE,81910,NA,2017-09-11 18:02:09,FALSE,NA,"907303264458362880",NA,"<a href=""http://twitter.com/download/iphone"" rel=""nofollow"">Twitter for iPhone</a>","realDonaldTrump",19252,FALSE,FALSE,NA,NA
"If we want to renew our PROSPERITY, restore OPPORTUNITY, &amp; re-establish our economic DOMINANCE, then we need tax re‚Ä¶ https://t.co/ICacqNxz89",FALSE,69837,NA,2017-09-07 00:18:49,TRUE,NA,"905586115440242689",NA,"<a href=""http://twitter.com/download/iphone"" rel=""nofollow"">Twitter for iPhone</a>","realDonaldTrump",17185,FALSE,FALSE,NA,NA
"Thank you for joining me in Mandan, ND Gov. @DougBurgum, Lt. Gov. @BrentSanfordND, @SenJohnHoeven, @RepKevinCramer‚Ä¶ https://t.co/izfxODvl6c",FALSE,33335,NA,2017-09-07 00:04:12,TRUE,NA,"905582435538219011",NA,"<a href=""http://twitter.com/download/iphone"" rel=""nofollow"">Twitter for iPhone</a>","realDonaldTrump",6485,FALSE,FALSE,NA,NA
"Wonderful to be in North Dakota with the incredible hardworking men &amp; women @ the Andeavor Refinery. 
Full remarks:‚Ä¶ https://t.co/zRRqfDv5qJ",FALSE,42809,NA,2017-09-06 23:20:48,TRUE,NA,"905571513398693888",NA,"<a href=""http://twitter.com/download/iphone"" rel=""nofollow"">Twitter for iPhone</a>","realDonaldTrump",8919,FALSE,FALSE,NA,NA
"Just spoke w/ Governors Rick Scott of Florida, Kenneth Mapp of the U.S. Virgin Islands &amp; Ricardo Rossell√≥ of Puerto‚Ä¶ https://t.co/NsyDhxS7wz",FALSE,72275,NA,2017-09-06 19:26:09,TRUE,NA,"905512462971232257",NA,"<a href=""http://twitter.com/download/iphone"" rel=""nofollow"">Twitter for iPhone</a>","realDonaldTrump",18109,FALSE,FALSE,NA,NA
"'President Donald J. Trump Approves Emergency Declarations'

‚û°Ô∏èhttps://t.co/xSHSyNkvuP
‚û°Ô∏èhttps://t.co/UbBSFOhMM7
‚û°Ô∏è‚Ä¶ https://t.co/jhfd4ZJ6L3",FALSE,50565,NA,2017-09-06 17:52:30,TRUE,NA,"905488897186172928",NA,"<a href=""http://twitter.com/download/iphone"" rel=""nofollow"">Twitter for iPhone</a>","realDonaldTrump",14672,FALSE,FALSE,NA,NA
"Hurricane looks like largest ever recorded in the Atlantic!",FALSE,59954,NA,2017-09-06 10:53:45,FALSE,NA,"905383515302264832",NA,"<a href=""http://twitter.com/download/iphone"" rel=""nofollow"">Twitter for iPhone</a>","realDonaldTrump",13327,FALSE,FALSE,NA,NA
"Watching Hurricane closely. My team, which has done, and is doing, such a good job in Texas, is already in Florida. No rest for the weary!",FALSE,110031,NA,2017-09-06 10:51:52,FALSE,NA,"905383039517282304",NA,"<a href=""http://twitter.com/download/iphone"" rel=""nofollow"">Twitter for iPhone</a>","realDonaldTrump",5251,FALSE,FALSE,NA,NA
"Will be going to North Dakota today to discuss tax reform and tax cuts. We are the highest taxed nation in the world - that will change.",FALSE,89994,NA,2017-09-06 10:47:01,FALSE,NA,"905381817695526912",NA,"<a href=""http://twitter.com/download/iphone"" rel=""nofollow"">Twitter for iPhone</a>","realDonaldTrump",17775,FALSE,FALSE,NA,NA
"Congress now has 6 months to legalize DACA (something the Obama Administration was unable to do). If they can't, I will revisit this issue!",FALSE,92683,NA,2017-09-06 00:38:27,FALSE,NA,"905228667336499200",NA,"<a href=""http://twitter.com/download/iphone"" rel=""nofollow"">Twitter for iPhone</a>","realDonaldTrump",24213,FALSE,FALSE,NA,NA
"I look forward to working w/ D's + R's in Congress to address immigration reform in a way that puts hardworking citizens of our country 1st.",FALSE,104152,NA,2017-09-05 20:45:27,FALSE,NA,"905170032229056512",NA,"<a href=""http://twitter.com/download/iphone"" rel=""nofollow"">Twitter for iPhone</a>","realDonaldTrump",24262,FALSE,FALSE,NA,NA
"I am allowing Japan &amp; South Korea to buy a substantially increased amount of highly sophisticated military equipment from the United States.",FALSE,125405,NA,2017-09-05 12:36:57,FALSE,NA,"905047095488516098",NA,"<a href=""http://twitter.com/download/iphone"" rel=""nofollow"">Twitter for iPhone</a>","realDonaldTrump",33365,FALSE,FALSE,NA,NA
"Congress, get ready to do your job - DACA!",FALSE,104592,NA,2017-09-05 12:04:43,FALSE,NA,"905038986883850240",NA,"<a href=""http://twitter.com/download/iphone"" rel=""nofollow"">Twitter for iPhone</a>","realDonaldTrump",25915,FALSE,FALSE,NA,NA
"Big week coming up!",FALSE,99469,NA,2017-09-05 02:49:26,FALSE,NA,"904899243906879488",NA,"<a href=""http://twitter.com/download/iphone"" rel=""nofollow"">Twitter for iPhone</a>","realDonaldTrump",26441,FALSE,FALSE,NA,NA
"We are building our future with American hands, American labor, American iron, aluminum and steel. Happy #LaborDay! https://t.co/lyvtNfQ5IO",FALSE,121106,NA,2017-09-04 16:38:46,FALSE,NA,"904745562771259392",NA,"<a href=""http://twitter.com/download/iphone"" rel=""nofollow"">Twitter for iPhone</a>","realDonaldTrump",27301,FALSE,FALSE,NA,NA
"The United States is considering, in addition to other options, stopping all trade with any country doing business with North Korea.",FALSE,171785,NA,2017-09-03 16:14:31,FALSE,NA,"904377075049656322",NA,"<a href=""http://twitter.com/download/iphone"" rel=""nofollow"">Twitter for iPhone</a>","realDonaldTrump",46863,FALSE,FALSE,NA,NA
"I will be meeting General Kelly, General Mattis and other military leaders at the White House to discuss North Korea. Thank you.",FALSE,129033,NA,2017-09-03 16:07:32,FALSE,NA,"904375314830249984",NA,"<a href=""http://twitter.com/download/iphone"" rel=""nofollow"">Twitter for iPhone</a>","realDonaldTrump",27464,FALSE,FALSE,NA,NA
"South Korea is finding, as I have told them, that their talk of appeasement with North Korea will not work, they only understand one thing!",FALSE,93930,NA,2017-09-03 11:46:07,FALSE,NA,"904309527381716992",NA,"<a href=""http://twitter.com/download/iphone"" rel=""nofollow"">Twitter for iPhone</a>","realDonaldTrump",25733,FALSE,FALSE,NA,NA
"..North Korea is a rogue nation which has become a great threat and embarrassment to China, which is trying to help but with little success.",FALSE,93351,NA,2017-09-03 11:39:38,FALSE,NA,"904307898213433344",NA,"<a href=""http://twitter.com/download/iphone"" rel=""nofollow"">Twitter for iPhone</a>","realDonaldTrump",24100,FALSE,FALSE,NA,NA
"North Korea has conducted a major Nuclear Test. Their words and actions continue to be very hostile and dangerous to the United States.....",FALSE,94452,NA,2017-09-03 11:30:41,FALSE,NA,"904305644651634688",NA,"<a href=""http://twitter.com/download/iphone"" rel=""nofollow"">Twitter for iPhone</a>","realDonaldTrump",28293,FALSE,FALSE,NA,NA
"So much SPIRIT in LA! Thank you to all of our HEREOS who saved many lives. An honor to spend time w/ @NationalGuard‚Ä¶ https://t.co/z4PKmOxYno",FALSE,79813,NA,2017-09-03 05:17:04,TRUE,NA,"904211620896886785",NA,"<a href=""http://twitter.com/download/iphone"" rel=""nofollow"">Twitter for iPhone</a>","realDonaldTrump",19533,FALSE,FALSE,NA,NA
"Remember, Sunday is National Prayer Day (by Presidential Proclamation)!",FALSE,132193,NA,2017-09-03 03:02:31,FALSE,NA,"904177758489776129",NA,"<a href=""http://twitter.com/download/iphone"" rel=""nofollow"">Twitter for iPhone</a>","realDonaldTrump",33477,FALSE,FALSE,NA,NA
"Just got back to the White House from the Great States of Texas and Louisiana, where things are going well. Such cooperation &amp; coordination!",FALSE,91171,NA,2017-09-03 02:57:43,FALSE,NA,"904176553621307396",NA,"<a href=""http://twitter.com/download/iphone"" rel=""nofollow"">Twitter for iPhone</a>","realDonaldTrump",15384,FALSE,FALSE,NA,NA
"The Manufacturing Index rose to 59%, the highest level since early 2011 - and we can do much better!",FALSE,69617,NA,2017-09-03 02:50:58,FALSE,NA,"904174851627286530",NA,"<a href=""http://twitter.com/download/iphone"" rel=""nofollow"">Twitter for iPhone</a>","realDonaldTrump",13928,FALSE,FALSE,NA,NA
"Together, we will prevail in the GREAT state of Texas. We love you!

GOD BLESS TEXAS &amp; GOD BLESS THE USAÌ†ºÌ∑∫Ì†ºÌ∑∏ https://t.co/1rzmEenQIb",FALSE,141082,NA,2017-09-03 01:55:30,FALSE,NA,"904160894661296130",NA,"<a href=""http://twitter.com/download/iphone"" rel=""nofollow"">Twitter for iPhone</a>","realDonaldTrump",42579,FALSE,FALSE,NA,NA
"TEXAS: We are with you today, we are with you tomorrow, and we will be with you EVERY SINGLE DAY AFTER, to restore,‚Ä¶ https://t.co/bvb6OjveZu",FALSE,110313,NA,2017-09-02 16:56:51,TRUE,NA,"904025340049285121",NA,"<a href=""http://twitter.com/download/iphone"" rel=""nofollow"">Twitter for iPhone</a>","realDonaldTrump",26034,FALSE,FALSE,NA,NA
"Departing for Texas and Louisiana with @FLOTUS Melania right now @JBA_NAFW. We will see you soon. America is with y‚Ä¶ https://t.co/kdPDgwaxvw",FALSE,78588,NA,2017-09-02 13:58:37,TRUE,NA,"903980484966752257",NA,"<a href=""http://twitter.com/download/iphone"" rel=""nofollow"">Twitter for iPhone</a>","realDonaldTrump",14901,FALSE,FALSE,NA,NA
"On behalf of @FLOTUS Melania &amp; myself, THANK YOU for today's update &amp; GREAT WORK! #SouthernBaptist @SendRelief,‚Ä¶ https://t.co/4yZCeXCt6n",FALSE,62861,NA,2017-09-02 00:34:32,TRUE,NA,"903778130850131970",NA,"<a href=""http://twitter.com/download/iphone"" rel=""nofollow"">Twitter for iPhone</a>","realDonaldTrump",13337,FALSE,FALSE,NA,NA
"I will be going to Texas and Louisiana tomorrow with First Lady. Great progress being made! Spending weekend working at White House.",FALSE,100246,NA,2017-09-02 00:03:00,FALSE,NA,"903770196388831233",NA,"<a href=""http://twitter.com/download/iphone"" rel=""nofollow"">Twitter for iPhone</a>","realDonaldTrump",17186,FALSE,FALSE,NA,NA
"Stock Market up 5 months in a row!",FALSE,95895,NA,2017-09-01 23:47:38,FALSE,NA,"903766326631698432",NA,"<a href=""http://twitter.com/download/iphone"" rel=""nofollow"">Twitter for iPhone</a>","realDonaldTrump",17967,FALSE,FALSE,NA,NA
"'President Donald J. Trump Proclaims September 3, 2017, as a National Day of Prayer' #HurricaneHarvey #PrayForTexas‚Ä¶ https://t.co/tOMfFWwEsN",FALSE,79228,NA,2017-09-01 19:47:23,TRUE,NA,"903705867891204096",NA,"<a href=""https://studio.twitter.com"" rel=""nofollow"">Media Studio</a>","realDonaldTrump",24802,FALSE,FALSE,NA,NA
"Texas is healing fast thanks to all of the great men &amp; women who have been working so hard. But still so much to do. Will be back tomorrow!",FALSE,98454,NA,2017-09-01 12:58:48,FALSE,NA,"903603043714957312",NA,"<a href=""http://twitter.com/download/iphone"" rel=""nofollow"">Twitter for iPhone</a>","realDonaldTrump",18440,FALSE,FALSE,NA,NA
"...get things done at a record clip. Many big decisions to be made over the coming days and weeks. AMERICA FIRST!",FALSE,69891,NA,2017-09-01 12:47:46,FALSE,NA,"903600265420578819",NA,"<a href=""http://twitter.com/download/iphone"" rel=""nofollow"">Twitter for iPhone</a>","realDonaldTrump",13809,FALSE,FALSE,NA,NA
"General John Kelly is doing a great job as Chief of Staff. I could not be happier or more impressed - and this Administration continues to..",FALSE,76173,NA,2017-09-01 12:35:27,FALSE,NA,"903597166249246720",NA,"<a href=""http://twitter.com/download/iphone"" rel=""nofollow"">Twitter for iPhone</a>","realDonaldTrump",13942,FALSE,FALSE,NA,NA
"Wow, looks like James Comey exonerated Hillary Clinton long before the investigation was over...and so much more. A rigged system!",FALSE,137446,NA,2017-09-01 11:56:45,FALSE,NA,"903587428488839170",NA,"<a href=""http://twitter.com/download/iphone"" rel=""nofollow"">Twitter for iPhone</a>","realDonaldTrump",42988,FALSE,FALSE,NA,NA
"THANK YOU to all of the incredible HEROES in Texas. America is with you! #TexasStrong 
https://t.co/8N4ABo9Ihp",FALSE,123111,NA,2017-08-31 20:06:35,FALSE,NA,"903348312421670912",NA,"<a href=""http://twitter.com/download/iphone"" rel=""nofollow"">Twitter for iPhone</a>","realDonaldTrump",31774,FALSE,FALSE,NA,NA
"First responders have been doing heroic work. Their courage &amp; devotion has saved countless lives ‚Äì they represent t‚Ä¶ https://t.co/Va37wntt1g",FALSE,101578,NA,2017-08-31 01:00:50,TRUE,NA,"903059975437733888",NA,"<a href=""https://studio.twitter.com"" rel=""nofollow"">Media Studio</a>","realDonaldTrump",23080,FALSE,FALSE,NA,NA
"Texas &amp; Louisiana: We are w/ you today, we are w/ you tomorrow, &amp; we will be w/ you EVERY SINGLE DAY AFTER, to rest‚Ä¶ https://t.co/9AqR1L3fIQ",FALSE,99403,NA,2017-08-30 19:38:41,TRUE,NA,"902978901223366656",NA,"<a href=""http://twitter.com/download/iphone"" rel=""nofollow"">Twitter for iPhone</a>","realDonaldTrump",27123,FALSE,FALSE,NA,NA
"Will be leaving for Missouri soon for a speech on tax cuts and tax reform - so badly needed!",FALSE,83633,NA,2017-08-30 13:42:20,FALSE,NA,"902889225061896196",NA,"<a href=""http://twitter.com/download/iphone"" rel=""nofollow"">Twitter for iPhone</a>","realDonaldTrump",14182,FALSE,FALSE,NA,NA
"After reading the false reporting and even ferocious anger in some dying magazines, it makes me wonder, WHY? All I want to do is #MAGA!",FALSE,109841,NA,2017-08-30 13:27:47,FALSE,NA,"902885560552960000",NA,"<a href=""http://twitter.com/download/iphone"" rel=""nofollow"">Twitter for iPhone</a>","realDonaldTrump",28546,FALSE,FALSE,NA,NA
"After witnessing first hand the horror &amp; devastation caused by Hurricane Harvey,my heart goes out even more so to the great people of Texas!",FALSE,118793,NA,2017-08-30 13:12:29,FALSE,NA,"902881712010653697",NA,"<a href=""http://twitter.com/download/iphone"" rel=""nofollow"">Twitter for iPhone</a>","realDonaldTrump",24880,FALSE,FALSE,NA,NA
"The U.S. has been talking to North Korea, and paying them extortion money, for 25 years. Talking is not the answer!",FALSE,111275,NA,2017-08-30 12:47:52,FALSE,NA,"902875515534626817",NA,"<a href=""http://twitter.com/download/iphone"" rel=""nofollow"">Twitter for iPhone</a>","realDonaldTrump",14540,FALSE,FALSE,NA,NA
".@foxandfriends   We are not looking to fill all of those positions. Don't need many of them - reduce size of government. @IngrahamAngle",FALSE,80426,NA,2017-08-29 12:26:55,FALSE,NA,"902507855584092160",NA,"<a href=""http://twitter.com/download/iphone"" rel=""nofollow"">Twitter for iPhone</a>","realDonaldTrump",17251,FALSE,FALSE,NA,NA
"Leaving now for Texas!",FALSE,143487,NA,2017-08-29 12:10:30,FALSE,NA,"902503724274331653",NA,"<a href=""http://twitter.com/download/iphone"" rel=""nofollow"">Twitter for iPhone</a>","realDonaldTrump",22199,FALSE,FALSE,NA,NA
"HISTORIC rainfall in Houston, and all over Texas. Floods are unprecedented, and more rain coming. Spirit of the people is incredible.Thanks!",FALSE,109581,NA,2017-08-27 23:01:06,FALSE,NA,"901942677461229569",NA,"<a href=""http://twitter.com/download/iphone"" rel=""nofollow"">Twitter for iPhone</a>","realDonaldTrump",22613,FALSE,FALSE,NA,NA
"Major rescue operations underway!",FALSE,85031,NA,2017-08-27 14:39:32,FALSE,NA,"901816453736919040",NA,"<a href=""http://twitter.com/download/iphone"" rel=""nofollow"">Twitter for iPhone</a>","realDonaldTrump",15583,FALSE,FALSE,NA,NA
"Going to a Cabinet Meeting (tele-conference) at 11:00 A.M. on #Harvey. Even experts have said they've never seen one like this!",FALSE,55157,NA,2017-08-27 14:31:35,FALSE,NA,"901814456505831424",NA,"<a href=""http://twitter.com/download/iphone"" rel=""nofollow"">Twitter for iPhone</a>","realDonaldTrump",11074,FALSE,FALSE,NA,NA
"We are in the NAFTA (worst trade deal ever made) renegotiation process with Mexico &amp; Canada.Both being very difficult,may have to terminate?",FALSE,83048,NA,2017-08-27 13:51:35,FALSE,NA,"901804388649500672",NA,"<a href=""http://twitter.com/download/iphone"" rel=""nofollow"">Twitter for iPhone</a>","realDonaldTrump",19237,FALSE,FALSE,NA,NA
"With Mexico being one of the highest crime Nations in the world, we must have THE WALL. Mexico will pay for it through reimbursement/other.",FALSE,103892,NA,2017-08-27 13:44:11,FALSE,NA,"901802524981817344",NA,"<a href=""http://twitter.com/download/iphone"" rel=""nofollow"">Twitter for iPhone</a>","realDonaldTrump",26974,FALSE,FALSE,NA,NA
"Wow - Now experts are calling #Harvey a once in 500 year flood! We have an all out effort going, and going well!",FALSE,63257,NA,2017-08-27 13:25:50,FALSE,NA,"901797906046439426",NA,"<a href=""http://twitter.com/download/iphone"" rel=""nofollow"">Twitter for iPhone</a>","realDonaldTrump",13321,FALSE,FALSE,NA,NA
"I will also be going to a wonderful state, Missouri, that I won by a lot in '16. Dem C.M. is opposed to big tax cuts. Republican will win S!",FALSE,68593,NA,2017-08-27 13:15:18,FALSE,NA,"901795255086968833",NA,"<a href=""http://twitter.com/download/iphone"" rel=""nofollow"">Twitter for iPhone</a>","realDonaldTrump",12515,FALSE,FALSE,NA,NA
"I will be going to Texas as soon as that trip can be made without causing disruption. The focus must be life and safety.",FALSE,113294,NA,2017-08-27 12:59:56,FALSE,NA,"901791391130554370",NA,"<a href=""http://twitter.com/download/iphone"" rel=""nofollow"">Twitter for iPhone</a>","realDonaldTrump",22984,FALSE,FALSE,NA,NA
"Many people are now saying that this is the worst storm/hurricane they have ever seen. Good news is that we have great talent on the ground.",FALSE,62236,"realDonaldTrump",2017-08-27 12:25:54,FALSE,"901777333513854976","901782823522185218","25073877","<a href=""http://twitter.com/download/iphone"" rel=""nofollow"">Twitter for iPhone</a>","realDonaldTrump",10661,FALSE,FALSE,NA,NA
"Thank you, the very dishonest Fake News Media is out of control! https://t.co/8J7y900VGK",FALSE,87027,NA,2017-08-21 13:32:06,FALSE,NA,"899625157421039616",NA,"<a href=""http://twitter.com/download/iphone"" rel=""nofollow"">Twitter for iPhone</a>","realDonaldTrump",20676,FALSE,FALSE,NA,NA
"Jerry Falwell of Liberty University was fantastic on @foxandfriends. The Fake News should listen to what he had to say. Thanks Jerry!",FALSE,76365,NA,2017-08-21 13:27:12,FALSE,NA,"899623926082535425",NA,"<a href=""http://twitter.com/download/iphone"" rel=""nofollow"">Twitter for iPhone</a>","realDonaldTrump",15989,FALSE,FALSE,NA,NA
"Thoughts &amp; prayers are w/ our @USNavy sailors aboard the #USSJohnSMcCain where search &amp; rescue efforts are underway. https://t.co/DQU0zTRXNU",FALSE,86296,NA,2017-08-21 03:01:01,FALSE,NA,"899466340238491648",NA,"<a href=""http://twitter.com/download/iphone"" rel=""nofollow"">Twitter for iPhone</a>","realDonaldTrump",21016,FALSE,FALSE,NA,NA
"Heading back to Washington after working hard and watching some of the worst and most dishonest Fake News reporting I have ever seen!",FALSE,130336,NA,2017-08-20 23:22:07,FALSE,NA,"899411254061694979",NA,"<a href=""http://twitter.com/download/iphone"" rel=""nofollow"">Twitter for iPhone</a>","realDonaldTrump",28809,FALSE,FALSE,NA,NA
"I want to applaud the many protestors in Boston who are speaking out against bigotry and hate. Our country will soon come together as one!",FALSE,158112,NA,2017-08-19 20:41:49,FALSE,NA,"899008521726861312",NA,"<a href=""http://twitter.com/download/iphone"" rel=""nofollow"">Twitter for iPhone</a>","realDonaldTrump",33030,FALSE,FALSE,NA,NA
"Our great country has been divided for decades. Sometimes you need protest in order to heal, &amp; we will heal, &amp; be stronger than ever before!",FALSE,142308,NA,2017-08-19 20:41:15,FALSE,NA,"899008381226299392",NA,"<a href=""http://twitter.com/download/iphone"" rel=""nofollow"">Twitter for iPhone</a>","realDonaldTrump",28913,FALSE,FALSE,NA,NA
"Great job by all law enforcement officers and Boston Mayor @Marty_Walsh.",FALSE,83415,"realDonaldTrump",2017-08-19 19:29:29,FALSE,"898988632551370753","898990321387925504","25073877","<a href=""http://twitter.com/download/iphone"" rel=""nofollow"">Twitter for iPhone</a>","realDonaldTrump",15155,FALSE,FALSE,NA,NA
"Looks like many anti-police agitators in Boston. Police are looking tough and smart! Thank you.",FALSE,124315,NA,2017-08-19 19:22:47,FALSE,NA,"898988632551370753",NA,"<a href=""http://twitter.com/download/iphone"" rel=""nofollow"">Twitter for iPhone</a>","realDonaldTrump",25538,FALSE,FALSE,NA,NA
"Steve Bannon will be a tough and smart new voice at @BreitbartNews...maybe even better than ever before. Fake News needs the competition!",FALSE,106600,NA,2017-08-19 17:47:26,FALSE,NA,"898964640817983488",NA,"<a href=""http://twitter.com/download/iphone"" rel=""nofollow"">Twitter for iPhone</a>","realDonaldTrump",28278,FALSE,FALSE,NA,NA
"Important day spent at Camp David with our very talented Generals and military leaders. Many decisions made, including on Afghanistan.",FALSE,85941,NA,2017-08-19 11:47:31,FALSE,NA,"898874064722427904",NA,"<a href=""http://twitter.com/download/iphone"" rel=""nofollow"">Twitter for iPhone</a>","realDonaldTrump",16119,FALSE,FALSE,NA,NA
"I want to thank Steve Bannon for his service. He came to the campaign during my run against Crooked Hillary Clinton - it was great! Thanks S",FALSE,119043,NA,2017-08-19 11:33:51,FALSE,NA,"898870621584596993",NA,"<a href=""http://twitter.com/download/iphone"" rel=""nofollow"">Twitter for iPhone</a>","realDonaldTrump",25341,FALSE,FALSE,NA,NA
"My thoughts and prayers are with the @KissimmeePolice and their loved ones. We are with you!
#LESM",FALSE,94997,NA,2017-08-19 04:59:01,FALSE,NA,"898771262453026816",NA,"<a href=""http://twitter.com/download/iphone"" rel=""nofollow"">Twitter for iPhone</a>","realDonaldTrump",21654,FALSE,FALSE,NA,NA
"Today, I signed the Global War on Terrorism War Memorial Act (#HR873.) The bill authorizes....cont‚û°Ô∏è‚Ä¶ https://t.co/5mRkmMejXc",FALSE,63152,NA,2017-08-19 01:30:58,TRUE,NA,"898718902200418306",NA,"<a href=""http://twitter.com/download/iphone"" rel=""nofollow"">Twitter for iPhone</a>","realDonaldTrump",14899,FALSE,FALSE,NA,NA
"Just returned to Bedminster, NJ from Camp David. GREAT meeting on National Security, the Border and the Military!‚Ä¶ https://t.co/e9HaiQi2uS",FALSE,70113,NA,2017-08-18 23:17:14,TRUE,NA,"898685249726578688",NA,"<a href=""https://studio.twitter.com"" rel=""nofollow"">Media Studio</a>","realDonaldTrump",13924,FALSE,FALSE,NA,NA
"I have directed that U.S. Cyber Command be elevated to the status of a Unified Combatant Command focused on....cont: https://t.co/3iScfuMw9s",FALSE,57811,NA,2017-08-18 15:28:52,FALSE,NA,"898567378988015616",NA,"<a href=""http://twitter.com/download/iphone"" rel=""nofollow"">Twitter for iPhone</a>","realDonaldTrump",14262,FALSE,FALSE,NA,NA
"Heading to Camp David for major meeting on National Security, the Border and the Military (which we are rapidly building to strongest ever).",FALSE,87909,NA,2017-08-18 14:09:24,FALSE,NA,"898547379451740160",NA,"<a href=""http://twitter.com/download/iphone"" rel=""nofollow"">Twitter for iPhone</a>","realDonaldTrump",16098,FALSE,FALSE,NA,NA
"Radical Islamic Terrorism must be stopped by whatever means necessary! The courts must give us back our protective rights. Have to be tough!",FALSE,144671,NA,2017-08-18 13:06:13,FALSE,NA,"898531481185689600",NA,"<a href=""http://twitter.com/download/iphone"" rel=""nofollow"">Twitter for iPhone</a>","realDonaldTrump",37666,FALSE,FALSE,NA,NA
"The Obstructionist Democrats make Security for our country very difficult. They use the courts and associated delay at all times. Must stop!",FALSE,98757,NA,2017-08-18 12:55:33,FALSE,NA,"898528795308642304",NA,"<a href=""http://twitter.com/download/iphone"" rel=""nofollow"">Twitter for iPhone</a>","realDonaldTrump",23406,FALSE,FALSE,NA,NA
"Homeland Security and law enforcement are on alert &amp; closely watching for any sign of trouble. Our borders are far tougher than ever before!",FALSE,112480,NA,2017-08-18 12:31:27,FALSE,NA,"898522732672933890",NA,"<a href=""http://twitter.com/download/iphone"" rel=""nofollow"">Twitter for iPhone</a>","realDonaldTrump",22659,FALSE,FALSE,NA,NA
"Study what General Pershing of the United States did to terrorists when caught. There was no more Radical Islamic Terror for 35 years!",FALSE,110226,NA,2017-08-17 18:45:14,FALSE,NA,"898254409511129088",NA,"<a href=""http://twitter.com/download/iphone"" rel=""nofollow"">Twitter for iPhone</a>","realDonaldTrump",30486,FALSE,FALSE,NA,NA
"The United States condemns the terror attack in Barcelona, Spain, and will do whatever is necessary to help. Be tough &amp; strong, we love you!",FALSE,221835,NA,2017-08-17 18:00:58,FALSE,NA,"898243270169563136",NA,"<a href=""http://twitter.com/download/iphone"" rel=""nofollow"">Twitter for iPhone</a>","realDonaldTrump",65896,FALSE,FALSE,NA,NA
"...the beauty that is being taken out of our cities, towns and parks will be greatly missed and never able to be comparably replaced!",FALSE,113519,NA,2017-08-17 13:21:45,FALSE,NA,"898172999945392131",NA,"<a href=""http://twitter.com/download/iphone"" rel=""nofollow"">Twitter for iPhone</a>","realDonaldTrump",27161,FALSE,FALSE,NA,NA
"...can't change history, but you can learn from it. Robert E Lee, Stonewall Jackson - who's next, Washington, Jefferson? So foolish! Also...",FALSE,136894,NA,2017-08-17 13:15:58,FALSE,NA,"898171544236687361",NA,"<a href=""http://twitter.com/download/iphone"" rel=""nofollow"">Twitter for iPhone</a>","realDonaldTrump",34275,FALSE,FALSE,NA,NA
"Sad to see the history and culture of our great country being ripped apart with the removal of our beautiful statues and monuments. You.....",FALSE,134856,NA,2017-08-17 13:07:28,FALSE,NA,"898169407213645824",NA,"<a href=""http://twitter.com/download/iphone"" rel=""nofollow"">Twitter for iPhone</a>","realDonaldTrump",34385,FALSE,FALSE,NA,NA
"Many meetings today in Bedminster including with Secretary Linda M and Small Business. Job numbers are looking great!",FALSE,66603,NA,2017-08-17 12:59:02,FALSE,NA,"898167282727366656",NA,"<a href=""http://twitter.com/download/iphone"" rel=""nofollow"">Twitter for iPhone</a>","realDonaldTrump",11840,FALSE,FALSE,NA,NA
"Great to see that Dr. Kelli Ward is running against Flake Jeff Flake, who is WEAK on borders, crime and a non-factor in Senate. He's toxic!",FALSE,86289,NA,2017-08-17 10:56:33,FALSE,NA,"898136462385979392",NA,"<a href=""http://twitter.com/download/iphone"" rel=""nofollow"">Twitter for iPhone</a>","realDonaldTrump",23507,FALSE,FALSE,NA,NA
"The public is learning (even more so) how dishonest the Fake News is. They totally misrepresent what I say about hate, bigotry etc. Shame!",FALSE,129246,NA,2017-08-17 10:32:11,FALSE,NA,"898130328916824064",NA,"<a href=""http://twitter.com/download/iphone"" rel=""nofollow"">Twitter for iPhone</a>","realDonaldTrump",33111,FALSE,FALSE,NA,NA
"...and people like Ms. Heyer. Such a disgusting lie. He just can't forget his election trouncing.The people of South Carolina will remember!",FALSE,71449,NA,2017-08-17 10:24:05,FALSE,NA,"898128290698989568",NA,"<a href=""http://twitter.com/download/iphone"" rel=""nofollow"">Twitter for iPhone</a>","realDonaldTrump",15268,FALSE,FALSE,NA,NA
"Publicity seeking Lindsey Graham falsely stated that I said there is moral equivalency between the KKK, neo-Nazis &amp; white supremacists......",FALSE,80907,NA,2017-08-17 10:19:39,FALSE,NA,"898127175525728256",NA,"<a href=""http://twitter.com/download/iphone"" rel=""nofollow"">Twitter for iPhone</a>","realDonaldTrump",20126,FALSE,FALSE,NA,NA
"THANK YOU @MayorGimenez for following the RULE OF LAW! Sanctuary cities make our country LESS SAFE! Full remarks:‚Ä¶ https://t.co/lnAQtMGrIu",FALSE,64461,NA,2017-08-17 02:55:18,TRUE,NA,"898015350914138112",NA,"<a href=""https://studio.twitter.com"" rel=""nofollow"">Media Studio</a>","realDonaldTrump",15705,FALSE,FALSE,NA,NA
"Join me at 7:00 P.M. on Tuesday, August 22nd in Phoenix, Arizona at the Phoenix Convention Center! Tickets at:‚Ä¶ https://t.co/VqKWMbwSe5",FALSE,50963,NA,2017-08-17 00:11:28,TRUE,NA,"897974118959783937",NA,"<a href=""http://twitter.com/download/iphone"" rel=""nofollow"">Twitter for iPhone</a>","realDonaldTrump",13892,FALSE,FALSE,NA,NA
"Today in Bedminster I signed the Harry W. Colmery Veterans Educational Assistance Act of 2017, joined by‚Ä¶ https://t.co/tDc6UQLbRI",FALSE,58639,NA,2017-08-16 21:35:16,TRUE,NA,"897934811909636096",NA,"<a href=""http://twitter.com/download/iphone"" rel=""nofollow"">Twitter for iPhone</a>","realDonaldTrump",13787,FALSE,FALSE,NA,NA
"Just landed in Bedminster, New Jersey. #MAGA Ì†ºÌæ•https://t.co/6EQfmRzrnv",FALSE,44544,NA,2017-08-16 19:49:31,FALSE,NA,"897908198098706433",NA,"<a href=""http://twitter.com/download/iphone"" rel=""nofollow"">Twitter for iPhone</a>","realDonaldTrump",6405,FALSE,FALSE,NA,NA
"Rather than putting pressure on the businesspeople of the Manufacturing Council &amp; Strategy &amp; Policy Forum, I am ending both. Thank you all!",FALSE,87481,NA,2017-08-16 17:14:27,FALSE,NA,"897869174323728385",NA,"<a href=""http://twitter.com/download/iphone"" rel=""nofollow"">Twitter for iPhone</a>","realDonaldTrump",20174,FALSE,FALSE,NA,NA
"Memorial service today for beautiful and incredible Heather Heyer, a truly special young woman. She will be long remembered by all!",FALSE,96686,NA,2017-08-16 14:58:14,FALSE,NA,"897834894822342656",NA,"<a href=""http://twitter.com/download/iphone"" rel=""nofollow"">Twitter for iPhone</a>","realDonaldTrump",17829,FALSE,FALSE,NA,NA
"Wow, Senator Luther Strange picked up a lot of additional support since my endorsement. Now in September runoff. Strong on Wall &amp; Crime!",FALSE,57950,NA,2017-08-16 14:51:36,FALSE,NA,"897833223501344769",NA,"<a href=""http://twitter.com/download/iphone"" rel=""nofollow"">Twitter for iPhone</a>","realDonaldTrump",9983,FALSE,FALSE,NA,NA
"MAKE AMERICA GREAT AGAIN!",FALSE,175193,NA,2017-08-16 12:39:07,FALSE,NA,"897799882802704385",NA,"<a href=""http://twitter.com/download/iphone"" rel=""nofollow"">Twitter for iPhone</a>","realDonaldTrump",52660,FALSE,FALSE,NA,NA
"Kim Jong Un of North Korea made a very wise and well reasoned decision. The alternative would have been both catastrophic and unacceptable!",FALSE,119055,NA,2017-08-16 11:39:34,FALSE,NA,"897784898865553409",NA,"<a href=""http://twitter.com/download/iphone"" rel=""nofollow"">Twitter for iPhone</a>","realDonaldTrump",27281,FALSE,FALSE,NA,NA
"Congratulations John! https://t.co/vhmv7Qoutk",FALSE,37908,NA,2017-08-16 11:31:08,FALSE,NA,"897782776468000768",NA,"<a href=""http://twitter.com/download/iphone"" rel=""nofollow"">Twitter for iPhone</a>","realDonaldTrump",7301,FALSE,FALSE,NA,NA
"Working in Bedminster, N.J., as long planned construction is being done at the White House. This is not a vacation - meetings and calls!",FALSE,87882,NA,2017-08-05 22:36:51,FALSE,NA,"893964041630212098",NA,"<a href=""http://twitter.com/download/iphone"" rel=""nofollow"">Twitter for iPhone</a>","realDonaldTrump",19948,FALSE,FALSE,NA,NA
"""Under Trump, gains against #ISIS have dramatically accelerated""
https://t.co/jNtOTh0moL",FALSE,63761,NA,2017-08-05 22:12:26,FALSE,NA,"893957896190533632",NA,"<a href=""http://twitter.com/download/iphone"" rel=""nofollow"">Twitter for iPhone</a>","realDonaldTrump",14783,FALSE,FALSE,NA,NA
"Prosperity is coming back to our shores because we are putting America WORKERS and FAMILIES first. #AmericaFirstÌ†ºÌ∑∫Ì†ºÌ∑∏ https://t.co/4kTc6Om308",FALSE,92212,NA,2017-08-05 16:00:59,FALSE,NA,"893864420539068417",NA,"<a href=""https://studio.twitter.com"" rel=""nofollow"">Media Studio</a>","realDonaldTrump",24093,FALSE,FALSE,NA,NA
"Great work being done by @FEMA @DHSgov w/state &amp; local leaders to prepare for hurricane season. Preparedness is an‚Ä¶ https://t.co/71C51wxol4",FALSE,49899,NA,2017-08-04 21:38:39,TRUE,NA,"893587008312016896",NA,"<a href=""https://studio.twitter.com"" rel=""nofollow"">Media Studio</a>","realDonaldTrump",10209,FALSE,FALSE,NA,NA
"No matter the mission, the brave men &amp; women of our @USCG proudly answer the call to serve 24/7/365. THANK YOU and‚Ä¶ https://t.co/J7EjEmViWP",FALSE,64102,NA,2017-08-04 15:48:28,TRUE,NA,"893498883090907137",NA,"<a href=""http://twitter.com/download/iphone"" rel=""nofollow"">Twitter for iPhone</a>","realDonaldTrump",14371,FALSE,FALSE,NA,NA
